{"cameraMode":{"drawMode":0,"name":"Shaded","section":"Shading Mode"},"sceneLighting":true,"audioPlay":false,"sceneViewState":{"m_AlwaysRefresh":false,"showFog":true,"showSkybox":true,"showFlares":true,"showImageEffects":true,"showParticleSystems":true,"showVisualEffectGraphs":true,"m_FxEnabled":true},"in2DMode":false,"pivot":{"x":-2.3068525791168215,"y":-0.058133114129304889,"z":0.03305238485336304},"rotation":{"x":0.032410215586423877,"y":-0.18718378245830537,"z":0.006179320625960827,"w":0.9817708134651184},"size":3.895874261856079,"orthographic":false}